timesteps,avg_waiting_time,max_waiting_time,throughput,reward
10,0.0,0.0,18,-0.0
20,0.0,0.0,36,-0.0
30,0.0,0.0,54,-0.0
40,3.7142857142857144,10.0,72,-0.016
50,7.888888888888889,20.0,89,-0.0961
60,12.363636363636363,30.0,103,-0.2684
70,6.421052631578948,23.0,108,-0.1498
80,3.925925925925926,19.0,114,-0.0792
90,5.451612903225806,29.0,121,-0.1913
100,0.0,0.0,9,-0.0
110,0.0,0.0,27,-0.0
120,0.0,0.0,45,-0.0
130,1.0,1.0,63,-0.0008
140,6.75,11.0,81,-0.1378
150,12.3,21.0,99,-0.7602
160,16.475409836065573,31.0,115,-2.2291
170,22.025974025974026,41.0,131,-4.9016
180,27.340425531914892,51.0,147,-9.1358
190,31.53913043478261,61.0,164,-15.3059
200,0.0,0.0,8,-0.0
210,0.0,0.0,26,-0.0
220,0.0,0.0,44,-0.0
230,2.0,2.0,62,-0.0028
240,7.409090909090909,12.0,81,-0.1479
250,11.55813953488372,22.0,98,-0.7749
260,15.983333333333333,32.0,115,-2.1453
270,21.67105263157895,42.0,129,-4.7245
280,26.02061855670103,52.0,146,-8.8648
290,31.182608695652174,62.0,159,-14.9426
300,0.0,0.0,8,-0.0
310,0.0,0.0,26,-0.0
320,0.0,0.0,44,-0.0
330,2.7142857142857144,3.0,63,-0.0055
340,6.764705882352941,13.0,80,-0.1047
350,12.538461538461538,23.0,99,-0.522
360,17.45945945945946,33.0,114,-1.4756
370,20.017857142857142,43.0,125,-3.2059
380,23.054054054054053,53.0,136,-5.7086
390,28.2,63.0,143,-8.775
400,0.0,0.0,9,-0.0
410,0.0,0.0,27,-0.0
420,0.0,0.0,45,-0.0
430,4.0,4.0,63,-0.0064
440,7.625,14.0,81,-0.1302
450,12.76,24.0,99,-0.5543
460,18.272727272727273,34.0,110,-1.4593
470,22.34090909090909,44.0,118,-3.0287
480,27.46938775510204,54.0,127,-4.91
490,27.56140350877193,64.0,136,-6.7937
500,0.0,0.0,9,-0.0
510,0.0,0.0,27,-0.0
520,0.0,0.0,45,-0.0
530,3.3333333333333335,5.0,63,-0.018
540,7.964285714285714,15.0,81,-0.2449
550,8.675675675675675,25.0,99,-0.5063
560,13.10344827586207,35.0,113,-1.5064
570,18.753246753246753,45.0,128,-3.679
580,24.357894736842105,55.0,139,-7.408
590,25.264150943396228,65.0,155,-10.3378
600,0.0,0.0,17,-0.0
610,0.0,0.0,35,-0.0
620,0.0,0.0,54,-0.0
630,3.9285714285714284,6.0,71,-0.0277
640,8.827586206896552,16.0,90,-0.2952
650,13.568181818181818,26.0,108,-1.1001
660,17.953125,36.0,121,-2.8131
670,22.98780487804878,46.0,137,-5.8167
680,27.32608695652174,56.0,150,-9.0624
690,22.177777777777777,66.0,166,-7.7162
700,0.0,0.0,18,-0.0
710,0.0,0.0,35,-0.0
720,0.0,0.0,52,-0.0
730,4.571428571428571,7.0,71,-0.0358
740,9.681818181818182,17.0,90,-0.2599
750,7.5588235294117645,27.0,107,-0.4043
760,11.694444444444445,37.0,122,-0.9471
770,15.294117647058824,47.0,134,-2.0378
780,20.196969696969695,57.0,142,-4.0989
790,21.904761904761905,67.0,149,-5.4574
800,0.0,0.0,17,-0.0
810,0.0,0.0,35,-0.0
820,0.0,0.0,54,-0.0
830,5.555555555555555,8.0,71,-0.0324
840,8.576923076923077,18.0,89,-0.2763
850,14.102564102564102,28.0,106,-1.0254
860,19.557692307692307,38.0,117,-2.5675
870,22.52542372881356,48.0,128,-4.2227
880,23.714285714285715,58.0,141,-6.9142
890,29.4625,68.0,152,-10.7433
900,0.0,0.0,18,-0.0
910,0.0,0.0,35,-0.0
920,0.0,0.0,53,-0.0
930,5.25,9.0,72,-0.0747
940,8.4,19.0,90,-0.2262
950,12.8,29.0,106,-0.742
960,17.195121951219512,39.0,120,-1.7891
970,20.51851851851852,49.0,130,-3.5382
980,26.262295081967213,59.0,140,-6.1866
990,32.13235294117647,69.0,149,-9.9201
1000,0.0,0.0,18,-0.0
1010,0.0,0.0,36,-0.0
1020,0.0,0.0,54,-0.0
1030,5.809523809523809,10.0,72,-0.0952
1040,10.904761904761905,20.0,90,-0.3361
1050,15.1875,30.0,106,-1.0298
1060,19.904761904761905,40.0,120,-2.3182
1070,25.08,50.0,128,-4.3556
1080,26.92753623188406,60.0,136,-7.4306
1090,0.0,0.0,9,-0.0
1100,0.0,0.0,27,-0.0
1110,0.0,0.0,45,-0.0
1120,1.0,1.0,62,-0.0005
1130,6.733333333333333,11.0,81,-0.0859
1140,11.884615384615385,21.0,98,-0.4761
1150,16.205128205128204,31.0,112,-1.3952
1160,13.131578947368421,41.0,124,-1.2763
1170,14.410714285714286,51.0,134,-2.3891
1180,20.220588235294116,61.0,144,-4.4997
1190,0.0,0.0,9,-0.0
1200,0.0,0.0,27,-0.0
1210,0.0,0.0,45,-0.0
1220,2.0,2.0,63,-0.002
1230,7.866666666666666,12.0,80,-0.1098
1240,11.964285714285714,22.0,98,-0.5417
1250,15.973684210526315,32.0,113,-1.3425
1260,19.24,42.0,123,-2.6694
1270,22.154929577464788,52.0,132,-5.1689
1280,26.56179775280899,62.0,144,-9.074
1290,0.0,0.0,9,-0.0
1300,0.0,0.0,27,-0.0
1310,0.0,0.0,45,-0.0
1320,3.0,3.0,63,-0.0072
1330,8.833333333333334,13.0,80,-0.2158
1340,12.717391304347826,23.0,98,-0.9849
1350,17.307692307692307,33.0,114,-2.0604
1360,20.213333333333335,43.0,131,-4.3508
1370,24.721649484536083,53.0,146,-8.2344
1380,30.359649122807017,63.0,161,-14.0647
1390,0.0,0.0,9,-0.0
1400,0.0,0.0,27,-0.0
1410,0.0,0.0,45,-0.0
1420,4.0,4.0,63,-0.0112
1430,8.36,14.0,81,-0.2243
1440,13.390243902439025,24.0,99,-0.9545
1450,18.945454545454545,34.0,113,-2.5212
1460,22.89189189189189,44.0,127,-5.2328
1470,28.5,54.0,141,-9.4076
1480,33.41346153846154,64.0,155,-15.3611
1490,0.0,0.0,9,-0.0
1500,0.0,0.0,27,-0.0
1510,0.0,0.0,45,-0.0
1520,3.0,5.0,63,-0.0052
1530,7.888888888888889,15.0,81,-0.0799
1540,9.944444444444445,25.0,99,-0.3131
1550,12.724137931034482,35.0,110,-0.8161
1560,19.59375,45.0,114,-1.7549
1570,23.325581395348838,55.0,124,-3.3685
1580,28.686274509803923,65.0,132,-5.8141
1590,0.0,0.0,18,-0.0
1600,0.0,0.0,35,-0.0
1610,0.0,0.0,53,-0.0
1620,3.875,6.0,72,-0.0157
1630,9.625,16.0,90,-0.1854
1640,15.25,26.0,108,-0.691
1650,19.2,36.0,117,-1.713
1660,24.767441860465116,46.0,126,-3.4333
1670,29.37735849056604,56.0,133,-6.0383
1680,32.53030303030303,66.0,140,-9.7107
1690,0.0,0.0,18,-0.0
1700,0.0,0.0,35,-0.0
1710,0.0,0.0,53,-0.0
1720,4.571428571428571,7.0,71,-0.0358
1730,10.172413793103448,17.0,90,-0.3687
1740,14.306122448979592,27.0,107,-1.3387
1750,19.393939393939394,37.0,120,-3.2892
1760,25.2,47.0,136,-6.5586
1770,29.25,57.0,152,-11.4739
1780,34.58620689655172,67.0,166,-18.3806
1790,0.0,0.0,18,-0.0
1800,0.0,0.0,36,-0.0
1810,0.0,0.0,54,-0.0
1820,6.0,8.0,72,-0.056
1830,9.969696969696969,18.0,89,-0.4439
1840,15.354166666666666,28.0,104,-1.4849
1850,20.650793650793652,38.0,119,-3.4965
1860,24.566265060240966,48.0,132,-6.8057
1870,29.346534653465348,58.0,147,-11.7798
1880,34.42372881355932,68.0,163,-18.7734
1890,0.0,0.0,18,-0.0
1900,0.0,0.0,36,-0.0
1910,0.0,0.0,54,-0.0
1920,5.421052631578948,9.0,72,-0.0747
1930,10.36111111111111,19.0,90,-0.5201
1940,15.557692307692308,29.0,106,-1.6733
1950,20.970588235294116,39.0,121,-3.8794
1960,25.75581395348837,49.0,135,-7.4933
1970,31.247524752475247,59.0,151,-12.837
1980,35.48623853211009,69.0,166,-17.6836
1990,0.0,0.0,18,-0.0
2000,0.0,0.0,36,-0.0
2010,0.0,0.0,54,-0.0
2020,5.666666666666667,10.0,72,-0.0266
2030,8.26086956521739,20.0,90,-0.2204
2040,13.583333333333334,30.0,105,-0.8771
2050,18.979166666666668,40.0,112,-2.2579
2060,24.216666666666665,50.0,123,-4.5989
2070,26.415384615384614,60.0,134,-6.4153
2080,0.0,0.0,8,-0.0
2090,0.0,0.0,26,-0.0
2100,0.0,0.0,45,-0.0
2110,1.0,1.0,62,-0.0004
2120,6.6,11.0,81,-0.0817
2130,12.115384615384615,21.0,98,-0.4759
2140,16.275,31.0,112,-1.4229
2150,22.1,41.0,122,-3.1597
2160,26.6984126984127,51.0,133,-5.927
2170,30.653846153846153,61.0,145,-9.9781
2180,0.0,0.0,9,-0.0
2190,0.0,0.0,27,-0.0
2200,0.0,0.0,45,-0.0
2210,2.0,2.0,63,-0.002
2220,7.4375,12.0,81,-0.1109
2230,11.533333333333333,22.0,99,-0.5492
2240,16.341463414634145,32.0,112,-1.5292
2250,22.058823529411764,42.0,121,-3.3001
2260,26.476190476190474,52.0,134,-6.0516
2270,31.0,62.0,145,-10.0522
2280,0.0,0.0,9,-0.0
2290,0.0,0.0,26,-0.0
2300,0.0,0.0,44,-0.0
2310,3.0,3.0,62,-0.0063
2320,8.523809523809524,13.0,81,-0.1821
2330,12.820512820512821,23.0,99,-0.8342
2340,17.87272727272727,33.0,114,-2.2895
2350,22.943661971830984,43.0,128,-4.8749
2360,27.40449438202247,53.0,142,-8.9147
2370,33.28431372549019,63.0,155,-14.7223
2380,0.0,0.0,9,-0.0
2390,0.0,0.0,27,-0.0
2400,0.0,0.0,45,-0.0
2410,4.0,4.0,63,-0.0112
2420,7.777777777777778,14.0,81,-0.225
2430,13.142857142857142,24.0,99,-0.958
2440,18.75,34.0,113,-2.5348
2450,23.10810810810811,44.0,127,-5.27
2460,28.359550561797754,54.0,141,-9.4744
2470,33.57692307692308,64.0,155,-15.4664
2480,0.0,0.0,9,-0.0
2490,0.0,0.0,27,-0.0
2500,0.0,0.0,45,-0.0
2510,3.6666666666666665,5.0,63,-0.0051
2520,7.555555555555555,15.0,80,-0.0762
2530,9.142857142857142,25.0,99,-0.3126
2540,13.0,35.0,110,-0.9257
2550,18.333333333333332,45.0,118,-2.2378
2560,22.671875,55.0,125,-4.5453
2570,27.705128205128204,65.0,133,-8.1335
2580,0.0,0.0,17,-0.0
2590,0.0,0.0,36,-0.0
2600,0.0,0.0,53,-0.0
2610,3.8,6.0,72,-0.0194
2620,6.619047619047619,16.0,88,-0.1465
2630,12.352941176470589,26.0,107,-0.6832
2640,17.163265306122447,36.0,117,-1.9215
2650,22.596774193548388,46.0,127,-4.1399
2660,25.12857142857143,56.0,141,-6.2049
2670,29.170454545454547,66.0,153,-10.4991
2680,0.0,0.0,17,-0.0
2690,0.0,0.0,36,-0.0
2700,0.0,0.0,54,-0.0
2710,4.875,7.0,72,-0.0227
2720,10.5625,17.0,89,-0.2171
2730,14.555555555555555,27.0,106,-0.7659
2740,19.18918918918919,37.0,117,-1.8504
2750,25.204545454545453,47.0,123,-3.6497
2760,27.098360655737704,57.0,132,-6.3917
2770,32.142857142857146,67.0,143,-8.0284
2780,0.0,0.0,17,-0.0
2790,0.0,0.0,36,-0.0
2800,0.0,0.0,53,-0.0
2810,5.875,8.0,71,-0.0313
2820,9.947368421052632,18.0,90,-0.2537
2830,15.035714285714286,28.0,106,-0.8483
2840,20.666666666666668,38.0,115,-1.9972
2850,24.574468085106382,48.0,121,-3.8799
2860,30.21818181818182,58.0,132,-6.6816
2870,35.857142857142854,68.0,139,-10.5861
2880,0.0,0.0,18,-0.0
2890,0.0,0.0,36,-0.0
2900,0.0,0.0,54,-0.0
2910,5.0,9.0,72,-0.0428
2920,7.954545454545454,19.0,90,-0.2285
2930,10.972222222222221,29.0,104,-0.7497
2940,15.266666666666667,39.0,115,-1.4943
2950,18.17142857142857,49.0,128,-3.3494
2960,23.522727272727273,59.0,137,-6.6604
2970,29.0,69.0,151,-11.7475
2980,0.0,0.0,18,-0.0
2990,0.0,0.0,36,-0.0
3000,0.0,0.0,54,-0.0
3010,5.833333333333333,10.0,72,-0.1092
3020,11.35,20.0,90,-0.6722
3030,11.772727272727273,30.0,107,-1.0456
3040,14.4,40.0,123,-2.4254
3050,20.261363636363637,50.0,139,-5.1721
3060,26.35238095238095,60.0,150,-9.6915
3070,0.0,0.0,9,-0.0
3080,0.0,0.0,26,-0.0
3090,0.0,0.0,44,-0.0
3100,1.0,1.0,63,-0.0008
3110,6.625,11.0,81,-0.1379
3120,11.951219512195122,21.0,97,-0.7546
3130,16.508196721311474,31.0,115,-2.2229
3140,21.833333333333332,41.0,130,-4.8999
3150,27.45744680851064,51.0,147,-9.1553
3160,30.95762711864407,61.0,163,-15.3609
3170,0.0,0.0,8,-0.0
3180,0.0,0.0,27,-0.0
3190,0.0,0.0,44,-0.0
3200,2.0,2.0,63,-0.0028
3210,7.625,12.0,81,-0.1677
3220,11.933333333333334,22.0,98,-0.8569
3230,17.20967741935484,32.0,116,-2.4283
3240,19.43548387096774,42.0,132,-3.3723
3250,25.850746268656717,52.0,147,-6.1094
3260,28.987654320987655,62.0,164,-9.6
3270,0.0,0.0,8,-0.0
3280,0.0,0.0,26,-0.0
3290,0.0,0.0,45,-0.0
3300,3.0,3.0,62,-0.0036
3310,7.642857142857143,13.0,80,-0.1001
3320,12.24,23.0,98,-0.492
3330,15.021739130434783,33.0,110,-1.4599
3340,19.196969696969695,43.0,119,-3.3863
3350,24.083333333333332,53.0,132,-6.6463
3360,29.55,63.0,148,-11.5953
3370,0.0,0.0,9,-0.0
3380,0.0,0.0,27,-0.0
3390,0.0,0.0,45,-0.0
3400,4.0,4.0,63,-0.0064
3410,7.666666666666667,14.0,81,-0.1424
3420,12.5,24.0,98,-0.5567
3430,16.692307692307693,34.0,111,-1.5091
3440,20.9811320754717,44.0,121,-3.2502
3450,25.87878787878788,54.0,129,-6.048
3460,31.571428571428573,64.0,138,-10.1653
3470,0.0,0.0,9,-0.0
3480,0.0,0.0,27,-0.0
3490,0.0,0.0,45,-0.0
3500,3.5,5.0,63,-0.0128
3510,8.5,15.0,81,-0.1924
3520,13.96774193548387,25.0,99,-0.7757
3530,18.066666666666666,35.0,110,-2.0003
3540,23.210526315789473,45.0,120,-4.1163
3550,28.808823529411764,55.0,131,-7.3783
3560,32.42857142857143,65.0,141,-12.04
3570,0.0,0.0,17,-0.0
3580,0.0,0.0,36,-0.0
3590,0.0,0.0,54,-0.0
3600,4.0,6.0,71,-0.02
3610,9.647058823529411,16.0,89,-0.1976
3620,13.633333333333333,26.0,108,-0.7469
3630,18.13953488372093,36.0,119,-1.9136
3640,23.21818181818182,46.0,128,-3.9495
3650,29.107692307692307,56.0,137,-7.1022
3660,33.18987341772152,66.0,147,-11.5974
3670,0.0,0.0,17,-0.0
3680,0.0,0.0,35,-0.0
3690,0.0,0.0,53,-0.0
3700,4.3,7.0,71,-0.0237
3710,9.590909090909092,17.0,90,-0.2573
3720,14.342857142857143,27.0,107,-0.951
3730,18.58,37.0,119,-2.3583
3740,24.716666666666665,47.0,129,-4.7497
3750,29.493150684931507,57.0,140,-8.3679
3760,35.397590361445786,67.0,151,-13.4412
3770,0.0,0.0,17,-0.0
3780,0.0,0.0,35,-0.0
3790,0.0,0.0,54,-0.0
3800,5.125,8.0,71,-0.0257
3810,7.913043478260869,18.0,90,-0.2136
3820,13.882352941176471,28.0,106,-0.8476
3830,19.130434782608695,38.0,120,-2.175
3840,23.75,48.0,127,-3.9705
3850,25.554054054054053,58.0,136,-7.0633
3860,29.98901098901099,68.0,148,-11.6535
3870,0.0,0.0,18,-0.0
3880,0.0,0.0,36,-0.0
3890,0.0,0.0,54,-0.0
3900,5.428571428571429,9.0,72,-0.0828
3910,10.325,19.0,90,-0.5769
3920,16.272727272727273,29.0,107,-1.8573
3930,21.356164383561644,39.0,123,-4.2811
3940,25.33684210526316,49.0,139,-8.2167
3950,31.01801801801802,59.0,155,-14.0389
3960,36.68503937007874,69.0,171,-22.1141
3970,0.0,0.0,18,-0.0
3980,0.0,0.0,36,-0.0
3990,0.0,0.0,54,-0.0
4000,5.863636363636363,10.0,72,-0.0993
4010,10.972972972972974,20.0,90,-0.5906
4020,16.14814814814815,30.0,107,-1.84
4030,20.753424657534246,40.0,122,-4.2021
4040,25.736263736263737,50.0,135,-8.0252
4050,31.00925925925926,60.0,151,-13.6893
4060,0.0,0.0,8,-0.0
4070,0.0,0.0,27,-0.0
4080,0.0,0.0,44,-0.0
4090,1.0,1.0,62,-0.0007
4100,6.083333333333333,11.0,80,-0.0579
4110,10.75,21.0,98,-0.3672
4120,13.652173913043478,31.0,115,-1.2156
4130,18.353846153846153,41.0,125,-3.0063
4140,23.40963855421687,51.0,138,-6.1135
4150,28.425742574257427,61.0,152,-10.8955
4160,0.0,0.0,8,-0.0
4170,0.0,0.0,27,-0.0
4180,0.0,0.0,44,-0.0
4190,2.0,2.0,63,-0.0024
4200,7.391304347826087,12.0,80,-0.1526
4210,11.837209302325581,22.0,98,-0.8003
4220,17.15,32.0,114,-2.3099
4230,21.7125,42.0,129,-5.0443
4240,26.775510204081634,52.0,145,-9.3746
4250,31.64957264957265,62.0,161,-15.6729
4260,0.0,0.0,8,-0.0
4270,0.0,0.0,27,-0.0
4280,0.0,0.0,45,-0.0
4290,2.75,3.0,62,-0.0064
4300,8.0,13.0,81,-0.1802
4310,12.418604651162791,23.0,99,-0.87
4320,17.363636363636363,33.0,115,-2.1433
4330,15.661538461538461,43.0,128,-2.6426
4340,18.59090909090909,53.0,145,-4.9228
4350,21.85185185185185,63.0,160,-7.9672
4360,0.0,0.0,9,-0.0
4370,0.0,0.0,27,-0.0
4380,0.0,0.0,45,-0.0
4390,3.75,4.0,63,-0.0116
4400,7.214285714285714,14.0,81,-0.1033
4410,10.142857142857142,24.0,99,-0.4458
4420,13.446808510638299,34.0,115,-1.3162
4430,18.257575757575758,44.0,126,-3.1167
4440,23.392857142857142,54.0,134,-6.2581
4450,28.009615384615383,64.0,147,-11.1039
4460,0.0,0.0,9,-0.0
4470,0.0,0.0,27,-0.0
4480,0.0,0.0,45,-0.0
4490,3.2857142857142856,5.0,63,-0.0206
4500,8.428571428571429,15.0,81,-0.2692
4510,13.466666666666667,25.0,99,-1.0808
4520,17.861538461538462,35.0,115,-2.8131
4530,23.121951219512194,45.0,129,-5.8374
4540,27.88118811881188,55.0,144,-10.5152
4550,32.625,65.0,160,-17.2157
4560,0.0,0.0,17,-0.0
4570,0.0,0.0,36,-0.0
4580,0.0,0.0,54,-0.0
4590,4.066666666666666,6.0,72,-0.0313
4600,9.166666666666666,16.0,90,-0.3233
4610,14.244444444444444,26.0,108,-1.1923
4620,12.911111111111111,36.0,123,-1.2653
4630,17.425925925925927,46.0,137,-2.6011
4640,23.59375,56.0,152,-5.0024
4650,26.194805194805195,66.0,160,-7.5165
4660,0.0,0.0,17,-0.0
4670,0.0,0.0,35,-0.0
4680,0.0,0.0,54,-0.0
4690,4.75,7.0,72,-0.0446
4700,9.741935483870968,17.0,89,-0.3768
4710,14.354166666666666,27.0,106,-1.3169
4720,12.652173913043478,37.0,122,-1.292
4730,15.25,47.0,137,-2.5801
4740,20.82608695652174,57.0,151,-4.8551
4750,23.98876404494382,67.0,159,-8.3527
4760,0.0,0.0,17,-0.0
4770,0.0,0.0,35,-0.0
4780,0.0,0.0,54,-0.0
4790,5.6875,8.0,72,-0.0597
4800,9.5,18.0,90,-0.4229
4810,14.938775510204081,28.0,106,-1.4404
4820,19.544117647058822,38.0,122,-3.4709
4830,23.386363636363637,48.0,137,-6.6442
4840,26.91176470588235,58.0,150,-10.4651
4850,31.375,68.0,167,-16.7223
4860,0.0,0.0,17,-0.0
4870,0.0,0.0,36,-0.0
4880,0.0,0.0,53,-0.0
4890,5.285714285714286,9.0,71,-0.0791
4900,10.055555555555555,19.0,88,-0.4976
4910,15.307692307692308,29.0,105,-1.6218
4920,20.75,39.0,123,-3.7993
4930,25.011363636363637,49.0,137,-7.3803
4940,29.952830188679247,59.0,151,-12.7227
4950,35.064516129032256,69.0,167,-20.216
4960,0.0,0.0,18,-0.0
4970,0.0,0.0,36,-0.0
4980,0.0,0.0,54,-0.0
4990,5.833333333333333,10.0,72,-0.1094
5000,11.514285714285714,20.0,90,-0.5925
5010,16.074074074074073,30.0,107,-1.8336
5020,20.527027027027028,40.0,122,-4.1911
5030,25.29032258064516,50.0,136,-8.0278
5040,30.93577981651376,60.0,152,-13.7248
5050,0.0,0.0,9,-0.0
5060,0.0,0.0,26,-0.0
5070,0.0,0.0,45,-0.0
5080,1.0,1.0,62,-0.0008
5090,7.0,11.0,81,-0.1407
5100,12.3,21.0,98,-0.7612
5110,15.655172413793103,31.0,116,-1.9754
5120,21.183098591549296,41.0,132,-4.2926
5130,26.551724137931036,51.0,147,-8.0778
5140,30.537037037037038,61.0,159,-13.658
5150,0.0,0.0,8,-0.0
5160,0.0,0.0,27,-0.0
5170,0.0,0.0,44,-0.0
5180,2.0,2.0,62,-0.0028
5190,7.75,12.0,81,-0.1704
5200,7.59375,22.0,98,-0.3461
5210,11.127272727272727,32.0,115,-1.0882
5220,17.054794520547944,42.0,130,-2.8929
5230,22.483870967741936,52.0,142,-6.2001
5240,20.45263157894737,62.0,157,-7.0431
5250,0.0,0.0,8,-0.0
5260,0.0,0.0,26,-0.0
5270,0.0,0.0,45,-0.0
5280,2.75,3.0,63,-0.0064
5290,8.32,13.0,80,-0.2068
5300,12.911111111111111,23.0,99,-0.9677
5310,17.92063492063492,33.0,115,-2.6475
5320,22.962962962962962,43.0,130,-5.61
5330,27.79,53.0,147,-10.2195
5340,32.80508474576271,63.0,163,-16.8359
5350,0.0,0.0,9,-0.0
5360,0.0,0.0,27,-0.0
5370,0.0,0.0,45,-0.0
5380,4.0,4.0,63,-0.0128
5390,7.838709677419355,14.0,81,-0.2603
5400,13.125,24.0,98,-1.1012
5410,18.6875,34.0,115,-2.897
5420,22.870588235294118,44.0,131,-6.0098
5430,28.495049504950494,54.0,147,-10.799
5440,33.813559322033896,64.0,163,-17.6374
5450,0.0,0.0,9,-0.0
5460,0.0,0.0,27,-0.0
5470,0.0,0.0,45,-0.0
5480,3.3076923076923075,5.0,63,-0.0189
5490,8.741935483870968,15.0,81,-0.3035
5500,14.125,25.0,99,-1.223
5510,18.36231884057971,35.0,115,-3.1377
5520,23.95294117647059,45.0,131,-6.4116
5530,29.019417475728154,55.0,147,-11.4087
5540,33.72950819672131,65.0,163,-18.4817
5550,0.0,0.0,17,-0.0
5560,0.0,0.0,35,-0.0
5570,0.0,0.0,54,-0.0
5580,3.8125,6.0,71,-0.0297
5590,9.53125,16.0,89,-0.3647
5600,13.023255813953488,26.0,107,-1.0276
5610,12.27450980392157,36.0,124,-1.3966
5620,15.197368421052632,46.0,138,-2.9295
5630,21.138297872340427,56.0,154,-6.0083
5640,26.085470085470085,66.0,164,-11.0118
5650,0.0,0.0,18,-0.0
5660,0.0,0.0,36,-0.0
5670,0.0,0.0,54,-0.0
5680,4.75,7.0,72,-0.043
5690,10.181818181818182,17.0,89,-0.4248
5700,14.735849056603774,27.0,107,-1.5127
5710,19.760563380281692,37.0,123,-3.6621
5720,24.38095238095238,47.0,139,-6.5726
5730,27.471153846153847,57.0,154,-11.0651
5740,29.65546218487395,67.0,170,-15.5213
5750,0.0,0.0,18,-0.0
5760,0.0,0.0,35,-0.0
5770,0.0,0.0,53,-0.0
5780,5.9375,8.0,72,-0.0633
5790,10.054054054054054,18.0,89,-0.5022
5800,15.425925925925926,28.0,106,-1.6789
5810,18.64516129032258,38.0,122,-2.8378
5820,17.333333333333332,48.0,139,-4.1898
5830,21.40776699029126,58.0,155,-7.5689
5840,27.858333333333334,68.0,169,-13.0897
5850,0.0,0.0,18,-0.0
5860,0.0,0.0,36,-0.0
5870,0.0,0.0,54,-0.0
5880,5.318181818181818,9.0,72,-0.0845
5890,10.325,19.0,89,-0.5835
5900,15.03921568627451,29.0,106,-1.5435
5910,18.073529411764707,39.0,123,-3.2503
5920,22.533333333333335,49.0,139,-6.4648
5930,28.205607476635514,59.0,152,-11.4784
5940,34.0650406504065,69.0,168,-18.6562
5950,0.0,0.0,18,-0.0
5960,0.0,0.0,35,-0.0
5970,0.0,0.0,54,-0.0
5980,5.913043478260869,10.0,72,-0.105
5990,11.384615384615385,20.0,90,-0.6526
6000,16.56140350877193,30.0,107,-2.0132
6010,20.72151898734177,40.0,123,-4.5661
6020,26.1875,50.0,139,-8.6838
6030,32.336363636363636,60.0,155,-14.7329
6040,0.0,0.0,9,-0.0
6050,0.0,0.0,26,-0.0
6060,0.0,0.0,43,-0.0
6070,1.0,1.0,62,-0.0008
6080,7.086956521739131,11.0,81,-0.1405
6090,10.7,21.0,97,-0.4553
6100,10.942307692307692,31.0,116,-1.0969
6110,16.246575342465754,41.0,131,-2.8
6120,22.38888888888889,51.0,145,-5.9717
6130,27.69724770642202,61.0,158,-10.9787
6140,0.0,0.0,9,-0.0
6150,0.0,0.0,27,-0.0
6160,0.0,0.0,45,-0.0
6170,2.0,2.0,62,-0.0016
6180,6.2,12.0,79,-0.0998
6190,11.051282051282051,22.0,98,-0.6255
6200,16.05263157894737,32.0,111,-1.9423
6210,21.33783783783784,42.0,127,-4.4057
6220,25.57894736842105,52.0,143,-8.3814
6230,30.44736842105263,62.0,159,-14.2549
6240,0.0,0.0,8,-0.0
6250,0.0,0.0,27,-0.0
6260,0.0,0.0,45,-0.0
6270,2.75,3.0,63,-0.0064
6280,8.24,13.0,81,-0.2034
6290,12.88888888888889,23.0,99,-0.959
6300,17.952380952380953,33.0,114,-2.6379
6310,23.3,43.0,131,-5.6052
6320,24.652631578947368,53.0,146,-8.195
6330,27.285714285714285,63.0,163,-12.683
6340,0.0,0.0,9,-0.0
6350,0.0,0.0,27,-0.0
6360,0.0,0.0,45,-0.0
6370,4.0,4.0,63,-0.0128
6380,6.482758620689655,14.0,81,-0.191
6390,12.333333333333334,24.0,99,-0.9041
6400,15.10204081632653,34.0,115,-1.4552
6410,12.25,44.0,129,-1.8777
6420,16.202247191011235,54.0,145,-3.812
6430,22.174311926605505,64.0,158,-7.6149
6440,0.0,0.0,9,-0.0
6450,0.0,0.0,27,-0.0
6460,0.0,0.0,45,-0.0
6470,3.142857142857143,5.0,63,-0.019
6480,8.46875,15.0,81,-0.3035
6490,14.083333333333334,25.0,99,-1.2202
6500,18.28985507246377,35.0,115,-3.1258
6510,21.85542168674699,45.0,131,-5.6322
6520,27.49,55.0,147,-10.1647
6530,31.672131147540984,65.0,163,-16.7438
6540,0.0,0.0,17,-0.0
6550,0.0,0.0,35,-0.0
6560,0.0,0.0,54,-0.0
6570,3.75,6.0,72,-0.0294
6580,9.46875,16.0,90,-0.3637
6590,14.795918367346939,26.0,107,-1.3623
6600,19.304347826086957,36.0,123,-3.3884
6610,24.651162790697676,46.0,140,-6.8086
6620,29.73076923076923,56.0,155,-11.9898
6630,34.47154471544715,66.0,172,-19.2946
6640,0.0,0.0,18,-0.0
6650,0.0,0.0,35,-0.0
6660,0.0,0.0,54,-0.0
6670,4.75,7.0,72,-0.043
6680,10.46875,17.0,90,-0.4267
6690,14.679245283018869,27.0,107,-1.5106
6700,20.304347826086957,37.0,122,-3.6597
6710,25.03409090909091,47.0,139,-7.2313
6720,29.027272727272727,57.0,155,-12.5989
6730,34.92,67.0,170,-20.1293
6740,0.0,0.0,18,-0.0
6750,0.0,0.0,36,-0.0
6760,0.0,0.0,54,-0.0
6770,5.75,8.0,72,-0.0598
6780,10.08108108108108,18.0,90,-0.4957
6790,15.716981132075471,28.0,107,-1.6745
6800,20.444444444444443,38.0,123,-3.9484
6810,24.72043010752688,48.0,139,-7.6865
6820,30.564814814814813,58.0,154,-13.2589
6830,34.63414634146341,68.0,169,-19.6566
6840,0.0,0.0,18,-0.0
6850,0.0,0.0,36,-0.0
6860,0.0,0.0,54,-0.0
6870,5.476190476190476,9.0,72,-0.0835
6880,10.512820512820513,19.0,90,-0.5784
6890,15.803571428571429,29.0,107,-1.8431
6900,21.19178082191781,39.0,123,-4.2463
6910,25.48936170212766,49.0,139,-8.1596
6920,30.846846846846848,59.0,154,-13.9492
6930,36.52755905511811,69.0,171,-21.9861
6940,0.0,0.0,18,-0.0
6950,0.0,0.0,36,-0.0
6960,0.0,0.0,54,-0.0
6970,6.086956521739131,10.0,72,-0.1102
6980,9.272727272727273,20.0,90,-0.274
6990,11.0625,30.0,107,-0.8959
7000,16.12676056338028,40.0,123,-2.5403
7010,22.079545454545453,50.0,135,-5.5967
7020,28.01923076923077,60.0,149,-10.4254
7030,0.0,0.0,8,-0.0
7040,0.0,0.0,27,-0.0
7050,0.0,0.0,44,-0.0
7060,1.0,1.0,62,-0.0007
7070,6.75,11.0,81,-0.1366
7080,12.275,21.0,98,-0.7585
7090,16.59016393442623,31.0,114,-2.2328
7100,21.96153846153846,41.0,131,-4.9283
7110,27.052083333333332,51.0,147,-9.2059
7120,31.612068965517242,61.0,163,-15.4421
7130,0.0,0.0,9,-0.0
7140,0.0,0.0,27,-0.0
7150,0.0,0.0,45,-0.0
7160,2.0,2.0,63,-0.0032
7170,7.666666666666667,12.0,81,-0.1716
7180,11.933333333333334,22.0,99,-0.8615
7190,17.29032258064516,32.0,115,-2.4414
7200,21.858974358974358,42.0,131,-4.9473
7210,24.721649484536083,52.0,146,-8.508
7220,30.123893805309734,62.0,163,-14.2198
7230,0.0,0.0,9,-0.0
7240,0.0,0.0,26,-0.0
7250,0.0,0.0,45,-0.0
7260,3.0,3.0,62,-0.0072
7270,8.666666666666666,13.0,80,-0.2112
7280,12.88888888888889,23.0,98,-0.9682
7290,16.357142857142858,33.0,115,-2.0554
7300,19.36842105263158,43.0,131,-4.2312
7310,23.8989898989899,53.0,147,-8.037
7320,29.689655172413794,63.0,160,-13.8148
7330,0.0,0.0,9,-0.0
7340,0.0,0.0,27,-0.0
7350,0.0,0.0,45,-0.0
7360,4.0,4.0,63,-0.0128
7370,8.066666666666666,14.0,81,-0.2602
7380,13.25,24.0,99,-1.1064
7390,19.047619047619047,34.0,115,-2.9128
7400,22.870588235294118,44.0,131,-6.0278
7410,28.504950495049506,54.0,147,-10.8179
7420,33.83050847457627,64.0,163,-17.6598
7430,0.0,0.0,9,-0.0
7440,0.0,0.0,27,-0.0
7450,0.0,0.0,45,-0.0
7460,3.3076923076923075,5.0,63,-0.0189
7470,8.4375,15.0,81,-0.3022
7480,14.104166666666666,25.0,99,-1.2169
7490,18.36231884057971,35.0,115,-3.1267
7500,23.75581395348837,45.0,131,-6.4049
7510,28.932692307692307,55.0,147,-11.4255
7520,33.224,65.0,163,-18.5555
7530,0.0,0.0,17,-0.0
7540,0.0,0.0,36,-0.0
7550,0.0,0.0,54,-0.0
7560,3.75,6.0,70,-0.0294
7570,9.4375,16.0,89,-0.3624
7580,14.795918367346939,26.0,107,-1.3603
7590,19.27536231884058,36.0,123,-3.3846
7600,19.223684210526315,46.0,139,-4.4199
7610,23.0,56.0,155,-7.7265
7620,22.133928571428573,66.0,171,-9.1067
7630,0.0,0.0,18,-0.0
7640,0.0,0.0,36,-0.0
7650,0.0,0.0,54,-0.0
7660,4.9375,7.0,72,-0.0459
7670,10.5625,17.0,90,-0.4352
7680,14.69811320754717,27.0,107,-1.5249
7690,20.347826086956523,37.0,123,-3.6788
7700,25.58139534883721,47.0,139,-7.2522
7710,29.26605504587156,57.0,155,-12.6142
7720,34.888,67.0,170,-20.1335
7730,0.0,0.0,17,-0.0
7740,0.0,0.0,36,-0.0
7750,0.0,0.0,53,-0.0
7760,5.75,8.0,72,-0.0614
7770,10.0,18.0,90,-0.4936
7780,15.425925925925926,28.0,106,-1.6699
7790,20.555555555555557,38.0,123,-3.9518
7800,24.46808510638298,48.0,138,-7.6966
7810,30.357798165137616,58.0,154,-13.2801
7820,35.40944881889764,68.0,171,-21.0519
7830,0.0,0.0,18,-0.0
7840,0.0,0.0,36,-0.0
7850,0.0,0.0,54,-0.0
7860,5.65,9.0,72,-0.0827
7870,10.538461538461538,19.0,90,-0.5755
7880,13.5,29.0,107,-1.3721
7890,18.098591549295776,39.0,123,-3.2821
7900,23.197802197802197,49.0,139,-6.6471
7910,28.814814814814813,59.0,153,-11.8376
7920,34.328,69.0,169,-19.2089
7930,0.0,0.0,18,-0.0
7940,0.0,0.0,36,-0.0
7950,0.0,0.0,54,-0.0
7960,5.75,10.0,72,-0.1056
7970,11.375,20.0,90,-0.6659
7980,16.771929824561404,30.0,107,-2.0492
7990,21.31168831168831,40.0,123,-4.6201
8000,26.0,50.0,138,-8.2818
8010,30.30188679245283,60.0,155,-13.0904
8020,0.0,0.0,8,-0.0
8030,0.0,0.0,26,-0.0
8040,0.0,0.0,45,-0.0
8050,1.0,1.0,62,-0.0007
8060,6.5,11.0,81,-0.132
8070,11.951219512195122,21.0,98,-0.7472
8080,15.56140350877193,31.0,116,-1.9431
8090,20.813333333333333,41.0,132,-4.3597
8100,26.32608695652174,51.0,146,-8.315
8110,30.359649122807017,61.0,161,-14.1671
8120,0.0,0.0,8,-0.0
8130,0.0,0.0,27,-0.0
8140,0.0,0.0,45,-0.0
8150,2.0,2.0,63,-0.0028
8160,7.666666666666667,12.0,80,-0.1692
8170,11.933333333333334,22.0,98,-0.8569
8180,17.225806451612904,32.0,114,-2.4322
8190,22.569620253164558,42.0,131,-5.2537
8200,25.214285714285715,52.0,146,-8.7233
8210,29.54385964912281,62.0,162,-14.1254
8220,0.0,0.0,9,-0.0
8230,0.0,0.0,27,-0.0
8240,0.0,0.0,45,-0.0
8250,3.0,3.0,62,-0.0072
8260,8.916666666666666,13.0,81,-0.2174
8270,12.553191489361701,23.0,98,-0.99
8280,12.450980392156863,33.0,114,-1.3615
8290,16.2027027027027,43.0,131,-3.0599
8300,21.010204081632654,53.0,147,-6.2811
8310,27.723214285714285,63.0,158,-11.4193
8320,0.0,0.0,9,-0.0
8330,0.0,0.0,27,-0.0
8340,0.0,0.0,45,-0.0
8350,3.75,4.0,63,-0.0116
8360,8.0,14.0,81,-0.2544
8370,13.104166666666666,24.0,99,-1.0909
8380,18.703125,34.0,115,-2.8861
8390,22.72093023255814,44.0,131,-6.0098
8400,28.392156862745097,54.0,147,-10.8306
8410,33.932203389830505,64.0,163,-17.699
8420,0.0,0.0,9,-0.0
8430,0.0,0.0,27,-0.0
8440,0.0,0.0,45,-0.0
8450,2.8666666666666667,5.0,63,-0.0171
8460,8.709677419354838,15.0,81,-0.3014
8470,14.083333333333334,25.0,99,-1.2162
8480,18.304347826086957,35.0,115,-3.1237
8490,23.58139534883721,45.0,131,-6.3842
8500,29.415841584158414,55.0,147,-11.3555
8510,34.39495798319328,65.0,163,-18.3895
8520,0.0,0.0,17,-0.0
8530,0.0,0.0,36,-0.0
8540,0.0,0.0,52,-0.0
8550,3.4285714285714284,6.0,71,-0.0118
8560,7.947368421052632,16.0,88,-0.1639
8570,11.65625,26.0,106,-0.6495
8580,15.5,36.0,119,-1.7984
8590,20.63768115942029,46.0,130,-3.9994
8600,25.03370786516854,56.0,140,-7.622
8610,30.02803738317757,66.0,155,-13.0339
8620,0.0,0.0,18,-0.0
8630,0.0,0.0,36,-0.0
8640,0.0,0.0,53,-0.0
8650,4.090909090909091,7.0,71,-0.0241
8660,9.444444444444445,17.0,89,-0.215
8670,13.928571428571429,27.0,106,-0.754
8680,16.5,37.0,119,-1.8637
8690,20.49230769230769,47.0,126,-3.9258
8700,24.845238095238095,57.0,134,-7.3171
8710,29.739583333333332,67.0,150,-11.9373
8720,0.0,0.0,18,-0.0
8730,0.0,0.0,35,-0.0
8740,0.0,0.0,54,-0.0
8750,5.875,8.0,72,-0.0313
8760,9.761904761904763,18.0,90,-0.2633
8770,13.487804878048781,28.0,106,-0.9945
8780,17.253968253968253,38.0,116,-2.6009
8790,22.425,48.0,129,-5.4496
8800,27.181818181818183,58.0,145,-9.9047
8810,29.745454545454546,68.0,160,-13.8464
8820,0.0,0.0,18,-0.0
8830,0.0,0.0,36,-0.0
8840,0.0,0.0,54,-0.0
8850,4.545454545454546,9.0,72,-0.0334
8860,8.833333333333334,19.0,90,-0.272
8870,11.804878048780488,29.0,107,-0.9056
8880,17.09090909090909,39.0,116,-2.2806
8890,20.957142857142856,49.0,127,-4.5065
8900,25.433333333333334,59.0,140,-8.2311
8910,30.7196261682243,69.0,153,-13.7809
8920,0.0,0.0,18,-0.0
8930,0.0,0.0,36,-0.0
8940,0.0,0.0,54,-0.0
8950,5.615384615384615,10.0,72,-0.0561
8960,9.32,20.0,90,-0.3367
8970,12.78048780487805,30.0,107,-1.0464
8980,17.389830508474578,40.0,116,-2.566
8990,22.56578947368421,50.0,126,-5.2767
9000,27.157894736842106,60.0,140,-9.5428
9010,0.0,0.0,9,-0.0
9020,0.0,0.0,26,-0.0
9030,0.0,0.0,44,-0.0
9040,1.0,1.0,63,-0.0008
9050,5.75,11.0,80,-0.0742
9060,9.7,21.0,98,-0.4171
9070,14.375,31.0,114,-1.3682
9080,19.029850746268657,41.0,125,-3.3023
9090,24.08235294117647,51.0,138,-6.5929
9100,28.435643564356436,61.0,154,-11.0976
9110,0.0,0.0,8,-0.0
9120,0.0,0.0,26,-0.0
9130,0.0,0.0,44,-0.0
9140,2.0,2.0,63,-0.0012
9150,5.625,12.0,81,-0.0734
9160,10.03225806451613,22.0,98,-0.4443
9170,14.653061224489797,32.0,114,-1.4442
9180,19.507462686567163,42.0,122,-3.4419
9190,24.197674418604652,52.0,135,-6.8001
9200,29.725490196078432,62.0,151,-11.8834
9210,0.0,0.0,8,-0.0
9220,0.0,0.0,27,-0.0
9230,0.0,0.0,45,-0.0
9240,3.0,3.0,63,-0.0027
9250,7.214285714285714,13.0,80,-0.0921
9260,12.416666666666666,23.0,99,-0.4762
9270,16.05263157894737,33.0,113,-1.3576
9280,18.637931034482758,43.0,120,-3.0003
9290,22.883116883116884,53.0,131,-5.8104
9300,27.68421052631579,63.0,144,-10.1688
9310,0.0,0.0,9,-0.0
9320,0.0,0.0,27,-0.0
9330,0.0,0.0,45,-0.0
9340,4.0,4.0,63,-0.0064
9350,8.0625,14.0,81,-0.1355
9360,10.513513513513514,24.0,99,-0.6107
9370,15.4,34.0,112,-1.8157
9380,19.242424242424242,44.0,121,-3.3048
9390,15.378378378378379,54.0,137,-3.1082
9400,17.577319587628867,64.0,153,-5.1281
9410,0.0,0.0,9,-0.0
9420,0.0,0.0,27,-0.0
9430,0.0,0.0,45,-0.0
9440,3.2857142857142856,5.0,62,-0.0103
9450,7.833333333333333,15.0,81,-0.1555
9460,11.342105263157896,25.0,99,-0.6899
9470,16.089285714285715,35.0,111,-1.9909
9480,20.906666666666666,45.0,121,-4.4306
9490,25.71276595744681,55.0,137,-8.3873
9500,31.01801801801802,65.0,153,-14.2153
9510,0.0,0.0,18,-0.0
9520,0.0,0.0,36,-0.0
9530,0.0,0.0,54,-0.0
9540,3.75,6.0,70,-0.0154
9550,8.777777777777779,16.0,89,-0.184
9560,12.18918918918919,26.0,106,-0.7591
9570,16.89090909090909,36.0,119,-2.1097
9580,20.432835820895523,46.0,128,-3.8239
9590,23.81111111111111,56.0,144,-7.2403
9600,28.636363636363637,66.0,160,-12.4984
9610,0.0,0.0,18,-0.0
9620,0.0,0.0,36,-0.0
9630,0.0,0.0,53,-0.0
9640,4.9375,7.0,71,-0.0459
9650,10.5625,17.0,89,-0.4354
9660,14.69811320754717,27.0,106,-1.5259
9670,19.5,37.0,123,-3.6754
9680,25.379310344827587,47.0,139,-7.26
9690,29.376146788990827,57.0,155,-12.6406
9700,34.968,67.0,171,-20.1837
9710,0.0,0.0,17,-0.0
9720,0.0,0.0,35,-0.0
9730,0.0,0.0,54,-0.0
9740,5.444444444444445,8.0,72,-0.0317
9750,9.272727272727273,18.0,90,-0.2648
9760,13.268292682926829,28.0,107,-0.9796
9770,17.56140350877193,38.0,116,-2.4253
9780,20.426666666666666,48.0,129,-4.7012
9790,25.09375,58.0,145,-8.6069
9800,30.654867256637168,68.0,158,-14.453
9810,0.0,0.0,18,-0.0
9820,0.0,0.0,36,-0.0
9830,0.0,0.0,54,-0.0
9840,5.454545454545454,9.0,72,-0.0426
9850,8.73076923076923,19.0,90,-0.3063
9860,12.372093023255815,29.0,107,-1.0194
9870,17.333333333333332,39.0,117,-2.5622
9880,22.48051948051948,49.0,125,-5.3023
9890,27.69148936170213,59.0,142,-9.6089
9900,32.12280701754386,69.0,157,-15.8418
9910,0.0,0.0,18,-0.0
9920,0.0,0.0,36,-0.0
9930,0.0,0.0,54,-0.0
9940,5.285714285714286,10.0,72,-0.056
9950,10.25,20.0,90,-0.3534
9960,13.232558139534884,30.0,106,-1.1277
9970,17.758064516129032,40.0,117,-2.7649
9980,23.0126582278481,50.0,127,-5.6542
9990,27.989690721649485,60.0,142,-10.1615
10000,0.0,0.0,9,-0.0
10010,0.0,0.0,27,-0.0
10020,0.0,0.0,44,-0.0
10030,1.0,1.0,62,-0.0008
10040,6.214285714285714,11.0,80,-0.0711
10050,11.130434782608695,21.0,99,-0.385
10060,6.821428571428571,31.0,113,-0.2937
10070,10.903846153846153,41.0,124,-0.9667
10080,16.41176470588235,51.0,132,-2.5582
10090,22.698795180722893,61.0,145,-5.5322
10100,0.0,0.0,8,-0.0
